CATEGORY,NAME OF BRAND,ADDRESS,POSTAL CODE
Cafe (Food),ADACafe@AgapeV,7A Toa Payoh Lorong 8 #01-01 Agape Village Singapore 319264,319264
Restaurant,A-One Claypot House,133 New Bridge Road #B1-47/48/49,59413
Restaurant,A-One Claypot House,9 Bishan Place #01-49/50,579837
Restaurant,A-One Claypot House,"1, Jurong West Central 2, #03-09/10/11",648886
Restaurant,A-One Claypot House,23 Serangoon Central #B1-73/74,556083
Restaurant,A-One Claypot House,10 Tampines Central 1 #05-04,529536
Restaurant,A-One Claypot House,1 Stadium Place #01-33/34,397628
Restaurant,A-One Claypot House,1 Woodlands Square #03-31,738099
Restaurant,A-One Claypot House,33 Sengkang West Ave #02-14/15/16,797653
Restaurant,A-One Claypot House,1 Harbourfront Walk #B2-25/25A VivoCity,98585
Restaurant,A-One Claypot House,3 Temaske Boulevard #B1-135,38983
Restaurant,A-One Claypot House,311 New Upper Changi Road #B1-52 Bedok Mall Singapore 467360,467360
Restaurant,A-One Claypot House,1 Sengkang West Avenue #02-36 Compass One Singapore 545078,545078
Restaurant,A-One Claypot House,17 Petir Road #01-11/12 Hillion Mall Singapore 678278,678278
Restaurant,A-One Claypot House,930 Yishun Avenue 2 #02-52/53/54 Northpoint City Singapore 767098,769098
Restaurant,A-One Claypot House,1 Vista Exchange Green #01-46 The Star Vista Singapore 138617,138617
Restaurant,A-One Claypot House,302 Tiong Bahru Road #02-134 Tiong Bahru Plaza Singapore 168732,168732
Restaurant,A-Poh Kitchen,354 Clementi Avenue 2 #01-233 Singapore 120354,120354
Restaurant,Asli Thai,40 Pasir Panjang Road #02-42 Mapletree Business City 2 Singapore 117383,117383
Bakery,Bakery Cuisine,60 Airport Boulevard Changi Airport Terminal 2 #026-37 Singapore 819643,819643
Bakery,Bakery Cuisine,10 Airport Boulevard Changi Airport Terminal 4 #02-11 Singapore 819665,819665
Bakery,Bakery Cuisine,"2 Fusionopolis Way, Innovis #01-07 Singapore 138634",138634
Bakery,Bakery Cuisine,"2 Jurong East Central, Jcube #B1-K08/K08A Singapore 609731",609731
Bakery,Bakery Cuisine,"1 Raffles Place, OUB Centre #B1-37 Singapore 048616",48616
Bakery,Bakery Cuisine,"11 Rivervale Crescent, Rivervale Mall #01-05/06/06A Singapore 545082",545082
Bakery,Bakery Cuisine,"21 Changi South Avenue 1, Expo MRT Station #01-01 Singapore 486065",486065
Bakery,Bakery Cuisine,"120 Maxwell Road, Tanjong Pagar MRT Station #B1-33/34 Singapore 069119",69119
Bakery,Bakery Cuisine,"18 Tai Seng Street, Mapletree 18 #B1-08/09 Singapore 539775",539775
Bakery,Bakery Cuisine Cafe,"30 Biopolis Way, Matrix #01-05 Singapore 138671",138671
Bakery,Bakery Cuisine Xpress,"120 Maxwell Road, Tanjong Pagar MRT Station #B1-01 Singapore 069119",69119
Restaurant,Blu Kouzina Pte. Ltd.,10 Dempsey Road #01-21 Singapore 247700,247700
Restaurant,Cali @ Changi,2 Changi Business Park Singapore 486015,486015
Restaurant,Cali @ Rochester,"31 Rochester Drive, #01-01/02 Singapore 138637",138637
Coffeeshop,Chargrill Bar,Blk 407 Ang Mo Kio Avenue 10 #01-733 Singapore 560407,560407
Coffeeshop,Chargrill Bar,Blk 88 Bedok North Street 4 #01-125 Singapore 460088,460088
Coffeeshop,Chargrill Bar,Blk 280 Bishan Street 24 #01-24 Singapore 570280,570280
Coffeeshop,Chargrill Bar,Blk 155 Bukit Batok Street 11 #01-324 Singapore 650155,650155
Coffeeshop,Chargrill Bar,Blk 347 Bukit Batok Street 34 #01-252 Singapore 650347,650347
Coffeeshop,Chargrill Bar,Blk 273 Bukit Batok East Avenue 4 #01-78 Singapore 650273,650273
Coffeeshop,Chargrill Bar,Blk 259 Bukit Panjang Ring Road #01-36 Singapore 671259,671259
Coffeeshop,Chargrill Bar,Blk 505 Canberra Link #01-04 Singapore 750505,750505
Coffeeshop,Chargrill Bar,Blk 673B Choa Chu Kang Crescent #01-01 Singapore 628673,628673
Coffeeshop,Chargrill Bar,Blk 442 Clementi Avenue 3 #01-121 Singapore 120442,120442
Coffeeshop,Chargrill Bar,Blk 727 Clementi West Street 2 #01-294 Singapore 120727,120727
Coffeeshop,Chargrill Bar,Blk 203 Hougang Street 21 #01-89 Singapore 530203,530203
Coffeeshop,Chargrill Bar,Blk 681 Hougang Avenue 8 #01-853 Singapore 530681,530681
Coffeeshop,Chargrill Bar,Blk 26 Jalan Membina #01-01 Singapore 161026,161026
Coffeeshop,Chargrill Bar,Blk 132 Jurong Gateway Road #01-273 Singapore 600132,600132
Coffeeshop,Chargrill Bar,Blk 491 Jurong West Avenue 1 #01-173 Singapore 640491,640491
Coffeeshop,Chargrill Bar,Blk 25 Lorong Liput Singapore 277735,277735
Coffeeshop,Chargrill Bar,Blk 80 Marina Parade Central #01-770 Singapore 440080,440080
Coffeeshop,Chargrill Bar,"Blk 46 Owen Road, #01-267 Singapore 210046",210046
Coffeeshop,Chargrill Bar,Blk 443 Pasir Ris Drive 6 #01-48 Singapore 510443,510443
Coffeeshop,Chargrill Bar,Blk 463 Sembawang Drive #01-01 Singapore 750463,750463
Coffeeshop,Chargrill Bar,Blk 261 Serangoon Central Drive #01-15 Singapore 550261,550261
Coffeeshop,Chargrill Bar,Blk 107 Serangoon North Ave 1 #01-671 Singapore 550107,550107
Coffeeshop,Chargrill Bar,Blk 59 Upper Changi Road #01-1248 Singapore 461059,461059
Coffeeshop,Chargrill Bar,Blk 417 Yishun Avenue 11 #01-351 Singapore 760417,760417
Coffeeshop,Chargrill Bar,10 E Sixth Avenue #01-01 Singapore 276474,276474
Coffeeshop,Chargrill Bar,Blk 167 Woodlands Street 11 #01-07 Singapore 730167,730167
Restaurant,Chefs Catering,1 Senoko Avenue #04-04 Foodaxis @ Senoko Singapore 758297,758297
Restaurant,Chilli Api,3015 Bedok North Street 5 Simei East Kitchen #06-27 Singapore 486350,486350
Restaurant,CJS Catering Pte Ltd,1 Senoko Avenue #03-05 Foodaxis @ Senoko Singapore 758297,758297
Restaurant,Collin's,"360 Balestiar Road, Shaw Plaza #01-12 Singapore 329783",329783
Restaurant,Collin's,"61 Ang Mo Kio Avenue 8 , Jubilee Square #01-07 to 10  Singapore 569814",569814
Restaurant,Collin's,"6 Raffles Boulevard, Marina Square #01-204/205 Singapore 039594",39594
Restaurant,Collin's,"8 Grange Road, Cineleisure Orchard #B1-08/09 Singapore 239695",239695
Event Caterer,Collin's,"930 Yishun Ave 2, Northpoint City #01-113/114 Singapore 768159",768159
Event Caterer,Collin's,"65 Airport Boulevard, Changi Airport Terminal 3 #03-21 Mezz South Singapore 819663",819663
Event Caterer,Collin's,Paya Lebar Quarter #B1-01,409057
Cafe (Food),Continental Delight C,21 Second Chin Bee Road Singapore 618780,618780
Cafe (Food),Country Foods,501 Old Chua Chu Kang Road Singapore 698928,698928
Cafe (Food),Curry Pot Catering,96C Jalan Senang Singapore 418483,418483
Cafe (Food),Curry Times,238 Thomson Road #02-33 Novena Square Singapore 307683,307683
Cafe (Food),Curry Times,3 Gateway Drive #02-08 Westgate Singapore 608532,608532
Cafe (Food),Curry Times,"1 Northpoint Drive #B1-201 Northpoint City, South Wing Singapore 768019",768019
Bakery,Curry Times,65 Airport Boulevard #B2-51 Changi Airport Terminal 3 Singapore 819663,819663
Event Caterer,Curry Times,30 Airport Boulevard #02-81 Changi Airport Terminal 4 Singapore 819662,819662
Cafe (Food),Curry Times,460 Alexandra Road #02-36 Alexandra Retail Centre Singapore 119963,119963
Restaurant,Delcie's,34 Whampoa West #01-83 Bendemeer Ville Singapore 330034,330034
Restaurant,Deli Hub,1 Enterprise road,629813
Restaurant,Delifrance,"10 Pandan Crescent, #05-01, S128466",128466
Restaurant,Dian Xiao Er,"311 New Upper Changi Road, #01-73/74, Bedok Mall, Singapore 467360",467360
Restaurant,Dian Xiao Er,"50 Jurong Gateway Road, #03-08, JEM",608549
Restaurant,Dian Xiao Er,"63 Jurong West Central 3, #03-26/27, Jurong Point, Singapore 648331",648331
Restaurant,Dian Xiao Er,"21 Choa Chu Kang Avenue 4, #B1-32/33, Lot One, Singapore 689812",689812
Restaurant,Dian Xiao Er,"203 Marina Way, #02-203/204, Marina Square, Singapore 039594",39594
Restaurant,Dian Xiao Er,"23 Serangoon Central, #02-09/10, NEX, Singapore 556083",556083
Restaurant,Dian Xiao Er,"65 Airport Boulevard, #03-42/43, Changi Airport Terminal 3, Singapore 819663",819663
Restaurant,Dian Xiao Er,"1 HarbourFront Walk, #02-138/9, VivoCity Singapore 098585",98585
Restaurant,Dian Xiao Er,"Junction 8, 9 Bishan Place #B1-07",579837
Restaurant,Dian Xiao Er,15 Petir Road #01-08 Singapore 678270,678270
Restaurant,Din Tai Fung,311 New Upper Changi Road #B1-10,467360
Restaurant,Din Tai Fung,30 Tai Seng Street #01-02,534013
Restaurant,Din Tai Fung,133 New Bridge Road #02-01,59413
Restaurant,Din Tai Fung,50 Jurong Gateway Road #02-07,608549
Restaurant,Din Tai Fung,9 Bishan Place #01-41,579837
Restaurant,Din Tai Fung,63 Jurong West Central 3 #B1-68,648331
Restaurant,Din Tai Fung,51 Bras Basah Road #01-02,189554
Restaurant,Din Tai Fung,8A Marina Boulevard #B2-05,18984
Restaurant,Din Tai Fung,2 Bayfront Avenue #B2-63,18972
Restaurant,Din Tai Fung,23 Serangoon Central #B1-10,556083
Restaurant,Din Tai Fung,80 Marine Parade Road #01-15,449269
Restaurant,Din Tai Fung,252 North Bridge Road #B1-08,179103
Restaurant,Din Tai Fung,26 Sentosa Gateway #01-217,98138
Restaurant,Din Tai Fung,3 Temasek Boulevard #02-302,38983
Restaurant,Din Tai Fung,4 Tampines Central 5 #02-01,529510
Restaurant,Din Tai Fung,435 Orchard Road Level 4,238877
Cafe (Food),Din Tai Fung,33 Sengkang West Avenue #02-07,797653
Restaurant,Din Tai Fung,"83 Punggol Central, Waterway Point",828761
Restaurant,Din Tai Fung,290 Orchard Road #B1-03,238859
Restaurant,Dining in Garden @ AM,"4300 Ang Mo Kio Ave 6, AMK Library #01-01 Singapore 569842",569842
Food Court,Dragon Phoenix Restau,131 Rifle Range Road #02-03 Singapore 588406,588406
Restaurant,East West Fusion Pte.,145 Pandan Loop #01-0A Singapore 128455,128455
Restaurant,Eatz Catering Service,3017 Bedok North Street 5 #01-02 Gourmet East Kitchen Singapore 486121,486121
Restaurant,Eatzi Gourmet Bistro,60 Yishun Ave 4 #01-V2 Singapore 769027,769027
Restaurant,Eatzi Gourmet Bistro,60 Paya Lebar Road #B1-15 Singapore 409051,409051
Food Court,Eight Treasures Group,282 South Bridge Road Singapore 058831,58831
Food Court,F M Food Master,1 Fusionpolis Place #02-01,138522
Food Court,Five Star Hainanese K,7 Cheong Chin Nam Road Singapore 599732,599732
Food Court,Five Star Hainanese K,419 River Valley Road Singapore 248318,248318
Food Court,Five Star Hainanese K,191 East Coast Road Singapore 428897,428897
Food Court,Flame Cafe,73 Upper Paya Lebar Road Centro Bianco #01-01 Singapore 534801,534818
Food Court,Food Canopy,"1 Pasir Ris East Drive 4, #01-07, Singapore 519457",519457
Food Court,Food Junction,"#03-19, 2 Tampines Central 5, Singapore 529509",529509
Food Court,Food Junction,"#01-01, 11 Rivervale Cres, Singapore 545082",545082
Food Court,Food Junction,"#04-01, 9 Bishan Pl, Junction 8, Singapore 579837",579837
Food Court,Food Junction,"#04-15, 21 Choa Chu Kang Ave 4, Singapore 689812",689812
Food Court,Food Junction,"United Square Shopping Mall, 101 Thomson Road, #B1-02/57/59/56M/N/P/Q, Singapore 307591",307591
Food Court,Food More,50 Pasir Panjang Road #03-51 Mapletree Business City,117384
Food Court,Food More,"12 Kallang Ave, Aperia #02-16",339511
Food Court,Food Republic,"#B2-63/64/65/66, 23 Serangoon Central Singapore 556083",556083
Food Court,Food Republic,"#01-06/07/08, 30 Tai Seng Street, Singapore 534013",534013
Food Court,Food Republic,"#B1-28/29, 3 Gateway Drive Singapore 608532",608532
Food Court,Food Republic,"City Square Mall, 180 Kitchener Road, #04-31/32 Singapore 208539",208539
Food Court,Formosa Delight,"Food Republic @ 112 Katong Level 4, 112 East Coast Road, 428802",4288802
Food Court,Formosa Delight,"Food Republic @ 313@Somerset Level 5, 313 Orchard Road, 238895",238895
Food Court,Formosa Delight,"Food Junction @ Bugis Junction Level 3, 200 Victoria Street, 188021",188021
Food Court,Formosa Delight,"Food Republic @ Causeway Point Level 4, 1 Woodlands Square, 738099",738099
Food Court,Formosa Delight,"Food Republic @ Nex Basement 2, 23 Serangoon Central, 556083",556083
Food Court,Formosa Delight,"Food Republic @ Parkway Parade Parkway Parade Basement 1, 80 Marine Parade Road, 449269",449269
Food Court,Formosa Delight,"Food Republic @ Suntec City Mall Basement 1, 3 Temasek Boulevard, 038983",38983
Food Court,Formosa Delight,"Food Republic @ BreadTalk IHQ Breadtalk #01-06/07/08, 30 Tai Seng Street, 534013",534013
Cafe (Food),Formosa Delight,"Food Republic @ VivoCity Level 3, 1 Harbourfront Walk, 098585",98585
Cafe (Food),NAME OF BRAND,ADDRESS,POSTAL CODE
Cafe (Food),Formosa Delight,"Food Republic @ Wisma Atria Level 4, 435 Orchard Road, 238877",238877
Cafe (Drink),Formosa Delight,"?∞ÊπæÊ∏ÖÁ≤•Â∞èË? (Casual Dining) 20 Clementi Road, 129749",129749
Cafe (Drink),Formosa Delight,Food Junction @ 3 Simei Street 6 Level 4,528833
Cafe (Drink),Formosa Delight,The Food Place @ 252 North Bridge Road Level 4,179103
Cafe (Drink),Fresh Fruit Lab,351 Changi Rd Singapore 419818,419818
Cafe (Drink),Fresh Fruit Lab,28 Clementi Rd Singapore 129754,129754
Cafe (Drink),Garden Fresh,1 Depot Road  #02-02 DSTA Singapore 109679,109679
Cafe (Drink),Gelare,313 Orchard Road #B1-15 313@Somerset Singapore 238895,238895
Cafe (Drink),Gelare,201 Victoria Street #05-10 Bugis+ Singapore 188067,188067
Cafe (Drink),Gelare,1 Woodlands Square Level #3-K6/7/8 Causeway Point Singapore 738099,738099
Cafe (Drink),Gelare,1 Sengkang Square #01-46 Compass One Singapore 545078,545078
Cafe (Drink),Gelare,17 Petir Road Hillion Mall #B1-31/32 Singapore 678278,678278
Cafe (Drink),Gelare,2 Jurong East Street 21 #01-22A IMM Building Singapore 609601,609601
Cafe (Drink),Gelare,11 Tanjong Katong Road KINEX Mall #03-K1 Singapore 437157,437157
Cafe (Drink),Gelare,333 Boon Lay Way Level 1 (Kidz Amaze) SAFRA Jurong Singapore 649848,649848
Restaurant,Gelare,10 Tampines Central Tampines 1 #04-K2/3/8 Singapore 529536,529536
Restaurant,Gelare,1 Vista Exchange Green #02-27 The Star Vista Singapore 138617,138617
Restaurant,Gelare,"750 Chai Chee Road, #01-32 Viva Business Park Singapore 469000",469000
Restaurant,Gelare,83 Punggol Central #02-25 Waterway Point Singapore 828761,828761
Restaurant,Gelare,1 Bukit Batok Central Link #01-06 West Mall Singapore 658713,658713
Restaurant,Gelare,51 Yishun Central 1 Yishun 10 Complex #01-06-K2 Singapore 768794,768794
Restaurant,Green Signature,1 Northpoint Drive #02-128/129 Northpoint City Singapore 768019,768019
Restaurant,Greendot,311 New Upper Changi Road Bedok Mall #B2-31/32,467360
Restaurant,Greendot,60 Paya Lebar Road Paya Lebar Square #02-15/16/17,409051
Restaurant,Greendot,3 Gateway Drive Westgate #01-06,608532
Restaurant,Greendot,One Raffles Place #03-23,48616
Event Caterer,Greendot,"1 Vista Exchange Green, Star Vista #01-33",138617
Restaurant,Greendot,80 Middle Road Bugis Junction #01-71/72,188966
Restaurant,Greendot,23 Serangoon Central NEX #02-K2/K3/K4,556083
Restaurant,Greendot,20 Pasir Panjang Kitchen Loft Road Maple Tree Business City,117439
Restaurant,Greendot,1 Harbourfont Walk Vivocity #02-150,98585
Restaurant,Greendot,930 Yishun Avenue 2 Northpoint #01-45,769098
Restaurant,Gustos Pte. Ltd.,171 Kampong Ampat KA Foodlink #05-05 Singapore 368330,368330
Restaurant,Hajjah Mariam,3 Gateway Drive Westgate #b2-07/08 Singapore 608532,608532
Restaurant,Hjh Maimunah,20 Joo Chiat Road Singapore 427527,427527
Restaurant,Hjh Maimunah,11 & 17 Jalan Pisang Singapore 199078,199078
Restaurant,Hot Tomato,"1 woodlands Square, #02-11",738099
Restaurant,Hot Tomato,"1 Jurong West Central 2, #03-06/06A, Jurong Point Shopping Centre S648886",648886
Event Caterer,NAME OF BRAND,ADDRESS,POSTAL CODE
Cafe (Drink),Hot Tomato,"68 Orchard Road, #B2-40",238839
Restaurant,Hot Tomato,"3 Gateway Drive, #B1-11",608532
Restaurant,Hot Tomato,311 New Upper Changi Road #B1-37/38,467360
Restaurant,Hot Tomato,78 Airport Boulevard #04-229 Jewel Changi Airport Singapore 819666,819666
Restaurant,Hot Tomato,10 Paya Lebar Road #04-09/29 Singapore 409057,409057
Restaurant,How's Catering,8A Admiralty Street #03-21 Food Xchange @ Admiralty Singapore 757437,757437
Restaurant,Huggs Coffee,11 Jalan Tan Tock Seng #01-02 Tan Tock Seng Hospital Singapore 308433,308433
Restaurant,Jack's Place,"ANCHOR POINT, 370 Alexandra Road #01-09/10",159953
Restaurant,Jack's Place,"ANG MO KIO, Blk 730 Ang Mo Kio Ave 6,",560730
Restaurant,Jack's Place,"BRAS BASAH COMPLEX, Blk 231 Bain Street, #01-01",180231
Restaurant,Jack's Place,"BUKIT PANJANG PLAZA, 1 Jelebu Road, #04-01",677743
Restaurant,Jack's Place,"Compass One, 1 Sengkang Square, #04-07",545078
Restaurant,Jack's Place,181 Orchard Road #B1-01,238896
Restaurant,Jack's Place,"JEM, 50 Jurong Gateway Road, #04-15",608549
Restaurant,Jack's Place,"NEX, 23 Serangoon Central, #04-66",556083
Restaurant,Jack's Place,"ORANGETEE BUILDING, 430 Lorong 6 Toa Payoh, OrangeTee Building, #01-01A",319402
Bakery,Jack's Place,"PARKWAY PARADE, 80 Marine Parade Road, #01-30",449269
Bakery,Jack's Place,"SAFRA Punggol, 6 Sentul Crescent, #01-01",828654
Bakery,Jack's Place,"SAFRA JURONG CLUB, 333 Boon Lay Way, #2A-01",649848
Bakery,Jack's Place,"WEST COAST, Recreation Center, 12 West Coast Walk, #01-04/05/06",127157
Bakery,Jack's Place,"WOODLANDS CIVIC CENTER, #02-05/06",730900
Bakery,Jason Niang Dou Fu,321 Beach Road Singapore 199557,199557
Cafe (Food),Juz Bread,"106A Punggol, Punggol Field #01-550 Singapore 821106",821106
Cafe (Food),Juz Bread,"735 Pasir Ris Street, Pasir Ris West Plaza #01-308 Singapore 510735",510735
Cafe (Food),Juz Bread,28 Dover Crescent #01-95 Singapore 130028,130028
Cafe (Food),Juz Bread,"118 Rivervale Drive, Rivervale Mall #01-04 Singapore 540118",540118
Restaurant,Juz Bread,"301 Punggol Drive, Punggol Central #01-05 Singapore 820301",820301
Restaurant,K G Catering,171 Kampong Ampat #06-30 KA Foodlink Singapore 368330,368330
Restaurant,Kaffe & Toast,11 Jalan Tan Tock Seng #B1-01 Tan Tock Seng Hospital Singapore 308433,308433
Restaurant/Caterer,Kaffe & Toast,110 Sengkang E Way #B1-01 Sengkang General Hospital Singapore 544886,544886
Food Court,Kaffe & Toast,5 Hospital Drive #2 CAF-02 National Heart Centre Singapore 169608,169609
Food Court,Kaffe & Toast,Outram Road Block 4 Level 1 Singapore General Hospital Singapore 169608,169608
Food Court,Kaisen Ichi,"40 Pasir Panjang Road, Maple Business City #02-36 Singapore 117383",117383
Food Court,Kaki Makan,2 Outram Road Block 3 Singapore General Hospital Level 1 Singapore 169608,169608
Food Court,Kampong,104/106 Jalan Besar,208808
Food Court,Kampong,3500A Bukit Merah Central,159837
Food Court,Kopitiam,No 930 Yishun Avenue 2 #B2-10 Northpoint S(769098),769098
Food Court,Kopitiam,"No. 6A Simei Street 3, IB@Changi General Hospital, Singapore 529905",529905
Food Court,Kopitiam,2 Simei Street 3,529889
Food Court,Kopitiam,No 1 Hougang Street 91 #01-19 Hougang One S(538692),538692
Food Court,Kopitiam,No 2 Jurong East Central 1 #B1-19 JCube S(609731),609731
Food Court,Kopitiam,"1 Jurong West Central 2, Jurong Point Shopping Centre, #B1-42/43/44, Singapore 648886",648886
Food Court,Kopitiam,"63 Jurong West Central 3 #03-34/39 Jurong Point, S(648331)",648331
Food Court,Kopitiam,No. 100 Bukit Timah Road Level 1 KK Women's and Children's Hospital S(229899),229899
Food Court,Kopitiam,No. 238 Thomson Road #03-47/56 Novena Square S(307683),307683
Food Court,Kopitiam,No. 5 Lower Kent Ridge Road Main Building Lobby Level 1 National University Hospital S(119074),119074
Food Court,Kopitiam,10 College Road S(169851),169608
Food Court,Kopitiam,"Outram Road, Blk 7 Level 1 @ Singapore General Hospital, S(169608)",169608
Food Court,Kopitiam,30 Sembawang Drive,757713
Food Court,Kopitiam,"3 Temasek Boulevard #03-367/368/369/370 Tower 3, Suntec City Mall S(038983)",38983
Food Court,Kopitiam,"Tampines Mall, 4 Tampines Central 5, 529510",529510
Food Court,Kopitiam,10 Tampines Central 1 #05-05/06/07 S(529536),529536
Food Court,Kopitiam,60 Airport Boulevard Terminal 2 Changi Airport Level 3M,819643
Food Court,Kopitiam,No. 65 Airport Boulevard Basement 2 Mall S(819663),819663
Food Court,Kopitiam,No. 302 Tiong Bahru Road #03-31/55 Tiong Bahru Plaza S(168732),168732
Food Court,Kopitiam,11 Jalan Tan Tock Seng #01-13/14/15 S(308433),308433
Food Court,Kopitiam,Kopitiam V Hotel No 70 Jellicoe Road #01-03 V Hotel S(208767),208767
Food Court,Kopitiam,68 Orchard Road Plaza Singapura #06-15/20 S(238839),238839
Food Court,Kopitiam,1 Jelebu Road Bukit Panjang Plaza #03-08 S(677743),677743
Food Court,Kopitiam,Harbourfront walk Vivocity #B2-39,98585
Food Court,Kopitiam,1 Jurong East Street 21 Tower B Ng Teng Fong General Hospital #02-01,609606
Food Court,Kopitiam,2 Jurong East Street 21 IMM Building #03-55,609601
Food Court,Kopitiam,2 Yishun Central 2,768024
Food Court,Kopitiam,1 Sengkang Drive Compass Point #04-14/19,545078
Food Court,Kopitiam,Blk 118 Rivervale Drive Rivervale Plaza #02-14,540118
Food Court,Kopitiam,"1 Maritime Square, Harbourfront Centre, #01-103/104/105/107/108 Singapore 099253",99253
Food Court,Kopitiam,"17 Petir Road, Hillion Mall #02-18/19 Singapore 678278",678278
Food Court,Kopitiam,"Singapore Post Centre, 10 Eunos Road 8, #03-102/103/104, Singapore 408600",408600
Food Court,Kopitiam,"1 Seletar Road, Greenwich V #01-09/10, Singapore 807011",807011
Food Court,Kopitiam,"Blk 231 Sumang Lane, Singapore 822231",822231
Food Court,NAME OF BRAND,ADDRESS,POSTAL CODE
Food Court,Kopitiam,"10 Jurong East Street 12, Jurong East MRt Station, #01-01, Singapore 609690",609690
Food Court,Koufu,"2 Ang Mo Kio Drive, #01-14 to 29, ITE College Central",567720
Food Court,Koufu,9 woodlands Ave 9 South Food Court Level 1,738964
Food Court,Koufu,535 Clementi Road Blk 51 Level 2,599489
Food Court,Koufu,1 Create Way (University Town) #01-04,138602
Food Court,Koufu,"50 Nanyang Avenue, South Spine Food Court",639798
Food Court,Koufu,"100 Tras Street #04-04/05, 100 AM Shopping Mall",79027
Food Court,Koufu,478 Tampines Street 44 #01-221,520478
Food Court,Koufu,Anchorpoint 370 Alexandra road #B1-20/21 S(159953),159953
Food Court,Koufu,"8 Grange Road, #B1-01",239693
Food Court,Koufu,88 Tanglin Halt Road Unit No. 88,141088
Food Court,Koufu,263 Compassvale Street #01-09,540263
Food Court,Koufu,57 Dawson Road #02-09/10,142057
Food Court,Koufu,1 Kaki Bukit Road 1 #01-18,415934
Food Court,Koufu,445 Fajar Road #01-548,670548
Food Court,Koufu,#01-308 Gek Poh Shopping Centre (762 Jurong West St 75),640760
Food Court,Koufu,480 Toa Payoh Lor 6 #B1-01,310480
Food Court,Koufu,470 Toa Payoh Lor 6 #02-07,310470
Food Court,Koufu,"50 Jurong Gateway Road,  #05-01",608549
Food Court,Koufu,258 Pasir Ris Street 21 #02-09,510258
Food Court,Koufu,6 Raffles Boulevard #04-101/102,39594
Food Court,Koufu,735 Pasir Ris Street 72 #01-336,510735
Food Court,Koufu,638A Jurong West St 61 #01-22,641638
Food Court,Koufu,168 Punggol Field #01-01,820168
Food Court,Koufu,"Blk 118 Rivervale Drive, #02-15/16",540118
Food Court,Koufu,Sembawang  Mart Blk 511 Canberra Road #01-01 S(750511),750511
Food Court,Koufu,110 Sengkang East Way #01-21,544886
Food Court,Koufu,"Square 2, 10 Sinaran Drive, #04-14 - 19/56 - 73, Singapore 307506",307506
Food Court,Koufu,399 Yung Sheng Road #01-43,610399
Food Court,Koufu,The Star Vista 1 Vista Exchange Green #02-25/26 S(138617),138617
Food Court,Koufu,"301 Upper Thomson Road, #01-113",574408
Cafe (Food),Koufu,"Blk 500, Toa Payoh  Lorong 6, #02-30",310500
Cafe (Food),Koufu,83 Punggol Central,828761
Cafe (Food),Koufu,1 Bukit Batok Central Link #04-01,658713
Cafe (Food),Koufu,1 Pasir Ris Central Street 3 #03-01,518457
Cafe (Food),Koufu,Woodlands Mart Blk 768 Woodlands Ave 6 #01-32 S(730768),730768
Cafe (Food),Koufu,Yew Tee Point 21 Choa Chu Kang North 6 #B1-17122 S(689578),689578
Cafe (Food),Kraftwich  by Swissba,"1 Wallich Street, Tanjong Pagar Centre, S078881",78881
Cafe (Food),Kraftwich  by Swissba,"17 Petir Road B1-16, Hillion Mall, S678278",678278
Restaurant,Kraftwich  by Swissba,"7 Central Boulevard, B1-31/32, 018936",18936
Cafe (Food),Kraftwich by Swissbak,"The Central, 6 Eu Tong Sen Street, #01-53",59817
Bakery,Kraftwich by Swissbak,"60 Paya Lebar Road, #01-09/10/11",409051
Bakery,Kraftwich by Swissbak,"SMU School of Accountancy and School of Law, 60 Stamford Road, #01-11",178900
Bakery,Kraftwich by Swissbak,One Raffles Place Tower 1 #B1-04/05,48616
Bakery,Kriston Gourmet,5 Lorong Napiri #5 Bright Vision Hospital Singapore 547530,547530
Bakery,Lao Bei Jing,238 Thomson Road #02-11/12 Velocity @ Novena Square Singapore 307683,307683
Event Caterer,Ma Mum,100 Bukit Timah Road #01-33 KK Women's and Children's Hospital Singapore 229899,229899
Restaurant,MK Levure Naturelle,"460 Alexandra Road, Alexandra Retail Centre #01-08 Singapore 119963",119963
Restaurant,MK Levure Naturelle,"1 Stadium Place, Kallang Wave Mall #01-30 Singapore 397628",397628
Restaurant,MK Levure Naturelle,"200 Holland Ave, Holland Village MRT Station #B1-08/09 Singapore 278995",278995
Restaurant,MK Levure Naturelle,"5 Raffles Place, OUB Centre #B1-23 Singapore 048616",48616
Restaurant,MK Levure Naturelle,"1 Fusionopolis Way, Connexis  #B2-01 Singapore 138632",138632
Restaurant,Mum's Kitchen Caterin,3015 Bedok North Street 5 #02-06 Shimei East Kitchen S486350,486350
Restaurant,Munch,112 Robinson Road #01-01 Singapore 068902,68902
Food Court,Munch,One Raffles Place #B1-16 Singapore 048616,48616
Food Court,Munch,15 Central Boulevard Downtown Line #B1-04 Singapore 018969,18969
Food Court,Munch,60 Paya Lebar Road #01-85/86 Singapore 409051,409051
Bakery/Cafe,Munch,16 Enggor Street #01-10 Singapore 079717,79717
Bakery/Cafe,Munch,302 Tiong Bahru Road #01-161 Tiong Bahru Plaza Singapore 168732,168732
Bakery/Cafe,Munch,51 Changi Business Park Central 2 Lan Kwai Fong Food Mall Singapore 408886,408886
Bakery/Cafe,My Kampung,"Heartbeat@Bedok, #01-28/29, 11 Bedok North Street 1, Singapore 469662",469662
Event Caterer,My Kampung,"Junction Nine, #02-01, 18 Yishun Ave 9, Singapore 768897",768897
Event Caterer,My Kampung,"Kallang Wave Mall, #02-16, 1 Stadium Pl, Singapore 397628",397628
Food Court,Nick Vina Artisan Bak,12 Gopeng Street #01-54/55 Singapore 078877,78877
Food Court,Nick Vina Artisan Bak,163 Tanglin Road Tanglin Mall #B1-02/03 Singapore 247933,247933
Food Court,Nick Vina Artisan Bak,68 Orchard Rd Plaza Singapura #B1-15/16 Singapore 238839,238839
Food Court,Nick Vina Artisan Bak,31 Ocean Way Quayside Isle #01-26 Singapore 098375,98375
Food Court,Nonya Manis Caterers,3017 Bedok North street 5 #05-26 Gourmet East Kitchen Singapore 486121,486121
Food Court,Nosh Kitchen,171 Kampong Ampat #06-10 KA FoodLink Singapore 368330,368330
Food Court,NTUC Foodfare,Admiralty Place 678A Woodlands Ave 6 #02-01 Singapore 731678,731678
Food Court,NTUC Foodfare,"53 Ang Mo Kio Ave 3, #03-12, AMK Hub, Singapore 569933",569933
Food Court,NTUC Foodfare,"3155 Commonwealth Avenue West, #04-20/22, The Clementi Mall, Singapore 129588",129588
Food Court,NTUC Foodfare,"24 Raffles Place, #B1-01/10, Clifford Centre, Singapore 048621",48621
Food Court,NTUC Foodfare,Blk 303 Choa Chu Kang Ave 4 #01-723 Singapore 680303,680303
Food Court,NTUC Foodfare,"1, Joo Koon Circle, #03-25, FairPrice Hub, Singapore 629117",629117
Food Court,NTUC Foodfare,"90 Yishun Central, #01-12, Khoo Teck Puat Hospital, Singapore 768828",768828
Food Court,NTUC Foodfare,"12 Marina Boulevard, #02-01/04, Marina Bay Financial Centre Tower 3, Singapore 018982",18982
Food Court,NTUC Foodfare,"33 Sengkang West Avenue, #03-37, Singapore 797653",797653
Cafe (Food),NTUC Foodfare,"11 Canberra Road, #01-05, Sembawang MRT, Singapore 759775",759775
Cafe (Food),NTUC Foodfare,"30 Simei Street 3, #01-01, Simei MRT, Singapore 592888",592888
Cafe (Food),NTUC Foodfare,"Downtown East 1 Pasir Ris Close, #01-339, Downtown East, E! Avenue",519599
Event Caterer,NTUC Foodfare,"10 Airport Boulevard, Changi Airport Terminal 4 #02-205M",819665
Event Caterer,NTUC Foodfare,"Mapletree Business City, 20 Pasir Panjang Road #02-21 Singapore 117439",117439
Event Caterer,NTUC Foodfare,"815 Bukit Batok West Ave 5, Singapore 659085",659085
Restaurant,O'Briens Irish Sandwi,279 Balestier Road #01-03 Balestier Point Singapore 329727,329727
Restaurant,O'Briens Irish Sandwi,59 Nanyang Drive Level 3 Experimental Medicine Building NTU Singapore 636921,636921
Restaurant,O'Briens Irish Sandwi,47 Scotts Road Goldbell Tower Lobby Singapore 228233,228233
Restaurant,Occasions Catering,8A Admiralty Street #07-28 Food Xchange @ Admiralty Singapore 757437,757437
Restaurant,Oh's Farm Catering (F,8A Admiralty Street #05-07 Food Xchange @ Admiralty Singapore 757437,757437
Restaurant,Old Chang Kee,2 Woodlands Terrace Singapore 738427,738427
Restaurant,Old Town White Coffee,180 Kitchener Road #B1-31/32 City Square Mall Singapore 208539,208539
Restaurant,Old Town White Coffee,333 Boon Lay Way #2C-01 SAFRA Jurong Singapore 649848,649848
Cafe (Food),Old Town White Coffee,10 Sinaran Drive #01-01 Square 2 Singapore 307506,307506
Restaurant,Old Town White Coffee,2 Jurong East Central #01-19 J Cube Singapore 609731,609731
Restaurant,Old Town White Coffee,1 Jurong West Central 2 #02-38 Jurong Point Shopping Centre Singapore 609731,648886
Restaurant,Old Town White Coffee,11 Tanjong Katong Road #B1-K26/27 OneKM Mall Singapore 437157,437157
Restaurant,Old Town White Coffee,"1 Stadium Place, Kallang Wave Mall #01-18/19 Singapore 397628",397628
Restaurant,Old Town White Coffee,3 Temasek Boulevard #01-423/430/432 Suntec City Mall Singapore 038983,38983
Restaurant,OTC Cafe,100 Victoria Building Street National Library Building #03-01 Singapore 188064,188064
Restaurant,Pasta Fresca Da Salva,30 Boat Quay Singapore 049819,49819
Restaurant,Pasta Fresca Da Salva,833 Bukit Timah Road #01-02/03 Royalville Singapore 279887,279887
Restaurant,Pasta Fresca Da Salva,77 Upper East Coast Road #01-01/02 Singapore 455218,455218
Restaurant,PastaMania,408 Ang Mo Kio Avenue 10 #01-783 Singapore 560408,560408
Restaurant,PastaMania,200 Victoria Street #B1-08 Singapore 188021,188021
Restaurant,PastaMania,8 Grange Road #02-23 Cathay Cineleisure Orchard S239695,239695
Restaurant,PastaMania,1 Woodlands Square #B1-20 Causeway Point S738099,738099
Restaurant,PastaMania,1 Choa Chu Kang Street 53 Choa Chu Kang Stadium #02-04 Singapore 689236,689236
Restaurant,PastaMania,"180 Kitchener Road, #02-21/22, City Square Mall S 208539",208539
Restaurant,PastaMania,1 Pasir Ris Close #02-125 S159599,159599
Restaurant,PastaMania,1 Joo Koon Circle #01-42/47/48 FairPrice Hub Singapore 629117,629117
Restaurant,PastaMania,1 Maritime Square #02-05/06/07 Harbourfront Centre S099253,99253
Restaurant,PastaMania,"Hillion Mall, 17 Petir Road Hillion Mall #B2-48/49/50 Singapore 678278",678278
Restaurant,PastaMania,52 Jurong Gateway Road #04-26 S608549,608549
Restaurant,PastaMania,9 Bishan Place #01-37 Junction 8 Shopping Centre S579837,579837
Restaurant,PastaMania,21 Jurong East St 31 #01-01 Jurong East Sports Centre S609517,609517
Restaurant,PastaMania,"5 Stadium Walk, #01-27 Leisure Park Kallang, S397693",397693
Restaurant,PastaMania,"20 Pasir Panjang Road,#02-13 Mapletree Business City S(117439)",117439
Restaurant,PastaMania,"23 Serangoon Central, #04-21/22, Nex, S556083",556083
Restaurant,NAME OF BRAND,ADDRESS,POSTAL CODE
Restaurant,PastaMania,930 Yishun Avenue 2 #03-01/02 Northpoint Shopping Centre S769098,769098
Restaurant,PastaMania,"57 Anchorvale Road 8 #02-02 Seng Kang Sports & Recreation Centre, S544964",544964
Restaurant,PastaMania,"70 Stamford Road #B1-47 Li Ka Shing Library Building, SMU, S178901",178901
Restaurant,PastaMania,"4 Tampines Central 5, #04-21/22, Tampines Mall S 529510",529510
Restaurant,PastaMania,"750 Chai Chee road, #01-12 Viva Business Park Singapore 469000",469000
Restaurant,PastaMania,"1 Bukit Batok Central Link #01-40 West Mall, Singapore 658713",658713
Restaurant,PastaMania Pronto x K,"1 Fusionopolis Place, Fusionpolis One #01-04 S138632",138632
Restaurant,PastaMania Pronto x K,"80 Marine Parade Road, Parkway Parade B1-83C S449269",449269
Restaurant,Penang Culture,"50 Jurong Gateway Road JEM Shopping Mall, #04-27 Singapore 608346",608346
Restaurant,Penang Culture,"Changi Airport Terminal 2 Departure, #036-087-01",819643
Restaurant,Penang Culture,1 Sengkang Square #03-13 Sengkang Square Singapore 545078,545078
Restaurant,Penang Culture,1 Woodlands Square #05-12 Causeway Point Singapore 739099,738099
Restaurant,Penang Culture,1 Pasir Ris Central Street 3 #03-21 White Sands Singapore 518457,518457
Restaurant,Penang Culture,23 Serangoon Central #B1-76/77 NEX Singapore 556083,556083
Restaurant,Pin Si Kitchen,60 Yishun Ave 4 #02-V1 Yishun Safra Country Club Singapore 769027,769027
Restaurant,Pin Si Kitchen,9 Sentul Crescent #05-01 Punggol Safra Country Club Singapore 828654,828654
Restaurant,Pines Food,1 Kaki Bukit Road 1 #05-16 Enterprise One Singapore 415934,415934
Restaurant,Pizza Hut,Blk 715 Ang Mo Kio Avenue 6 #01-4000 Singapore 560715,560715
Restaurant,Pizza Hut,"311 New Upper Changi Road #B1-05/34 Bedok Mall, S467360",468360
Restaurant,Pizza Hut,"1 Jelebu Road, #02-14/15 S677743",677743
Restaurant,Pizza Hut,Jalan Anak Bukit #01-16A Bukit Timah Plaza S588996,588996
Restaurant,Pizza Hut,"No. 1 Woodlands Square, #B1-25 S738099",738099
Restaurant,Pizza Hut,10 Choa Chu Kang Avenue 4 #01-23 Choa Chu Kang MRT Station Singapore 689810,689810
Restaurant,Pizza Hut,180 Kitchener Road #01-19/21 City Square Mall S208539,208539
Restaurant,Pizza Hut,1 Sengkang Square #B1-15 Compass One Singapore 545078,545078
Restaurant,Pizza Hut,3 Simei Street 6 #02-03 S528833,528833
Restaurant,Pizza Hut,"Maritime Square #01-69 Harbourfront Centre, S099253",99253
Restaurant,Pizza Hut,"90 Hougang Avenue 10 #02-25 Hougang Mall, S538766",538766
Restaurant,Pizza Hut,"1 Jurong West Central 2, #01-33 Jurong Point Shopping Centre S648886",648886
Restaurant,Pizza Hut,21 Choa Chu ang Avenue 4 #02-20 Lot One Shopper's Mall S689812,689812
Restaurant,Pizza Hut,No. 6 Raffles Boulevard #03-211 Marina Square S039594,39594
Restaurant,Pizza Hut,23 Serangoon Central #03-11/12/13 S556083,556083
Restaurant,Pizza Hut,930 Yishun Avenue 2 #B1-40/41 North Point Shopping Centre S769098,769098
Restaurant,Pizza Hut,11 Tanjong Katong Road #B1-01/K1 S437157,437157
Restaurant,Pizza Hut,68 Orchard Road #B2-01/35 Plaza Singapura S238839,238839
Restaurant,Pizza Hut,17 Petir Road #B2-54 Hillion Mall Singapore 672878,672878
Restaurant,Pizza Hut,30 Sembawang Drive #02-15 Sun Plaza S757713,757713
Restaurant,Pizza Hut,"No. 4 Tampines Central 5 #02-02 Tampines Mall, S529510",529510
Restaurant,Pizza Hut,33 Sengkang West Avenue #01-09/10/11/12/13/14 S797653,797653
Restaurant,Pizza Hut,"301 Upper Thomson Road, #02-24/26 Thomson Plaza S574408",574408
Restaurant,Pizza Hut,Blk 190 #02-516A Toa Payoh Lorong 6 S310190,310190
Restaurant,Pizza Hut,"83 Punggol Central Waterway Point, #B1-11 S(828761)",828761
Restaurant,Pizza Hut,01 Bukit Batok Central Link #01-26 S658713,658713
Restaurant,Pizza Hut,Westgate 3 Gateway Drive #04-04/05 S608532,608532
Restaurant,Pizza Hut,"76 Nanyang Drive, blk N2.1, #01-04,  Singapore 637331",637331
Restaurant,Pizza Hut,460 Alexandra Road #01-23/24 Alexandra Retail Centre S119963,119963
Restaurant,Pizza Hut,200 Holland Avenue #B1- 07  Holland Vilalge MRT Station S278995,278995
Restaurant,Pizza Hut,120 Maxwell Road #B1-36 Singapore 069119,69119
Restaurant,Pizza Hut,2 College Avenue West #01-04 University Town Edusports,138607
Restaurant,Pizza Hut,"NUS The Deck, 5 Arts Link, The Deck, Singapore 117570",117570
Restaurant,Pizza Hut,802 Bukit Gombak West Avenue 5 #01-10 Bukit Gombak Singapore 659083,659083
Restaurant,Pizza Hut,"No. 2 Jurong East Street 21, #01-41 IMM Building Singapore 609601",609601
Restaurant,Pizza Hut,"Jurong Bird Park, 2 Jurong Hill, Singapore 628925",628925
Restaurant,Pizza Hut,"KidZania, 31 Beach View, #01-01/02 Lot B-45, Singapore 098008",98008
Restaurant,Pizza Hut,"112 East Coast Road #B1-16 112 Katong, Singapore 428802",428802
Restaurant,Pizza Hut,"51 Tampines Avenue 4, #01-13 Our Tampines Hub, Singapore 529684",529684
Restaurant,Pizza Hut,Boon Lay Community Centre 10 Boon Lay Place #01-02 Singapore 649882,649882
Restaurant,Pizza Hut,Blk 501 West Coast Drive #01-264 Singapore 120501,120501
Restaurant,Pizza Hut,3 Eng Kong Terrace Singapore 598975,598975
Restaurant,Pizza Hut,1 Choa Chu Kang Street 53 Choa Chu Kang Sports Centre #03-02 Singapore 689236,689236
Restaurant,Pizza Hut,184A Choa Chu Kang Avenue 1 Comfort Garden Singapore 689463,689463
Restaurant,Pizza Hut,Block 524A Jelapang Road #01-04 Greenridge Shopping Centre Singapore 671524,671524
Restaurant,Pizza Hut,Jurong Superbowl 3 Yuan Ching Road #01-03 Jurong Leisure Complex Singapore 618642,618642
Restaurant,Pizza Hut,"Jurong East Swimming Complex, 21 Jurong East Sports & Recreation Centre #02-01 Jurong East Street 31, Singapore 609517",609517
Restaurant,Pizza Hut,Blk 166 Bukit Batok West Avenue 8E #01-262E Singapore 650166,650166E
Restaurant,Pizza Hut,Block 139 Tampines Street 11 #01-66 Singapore 521139,521139
Restaurant,Pizza Hut,251 Tanjong Katong Road Singapore 437039,437039
Restaurant,NAME OF BRAND,ADDRESS,POSTAL CODE
Restaurant,Pizza Hut,1 Pasir Ris Close #01-342 NTUC Downtown East Resort Singapore 519599,519599
Restaurant,Pizza Hut,11 Tampines St 32 #01-15 Tampines Mart Singapore 529287,529287
Restaurant,Pizza Hut,10 Jalan Ubi #01-07  Kampong Ubi Community Centre  Singapore 409075,409075
Restaurant,Pizza Hut,Blk 539 Bedok North Street 3 #01-581 Singapore 460539,460539
Restaurant,Pizza Hut,353 Beach Road Singapore 199572,199572
Restaurant,Pizza Hut,225 Jalan Kayu Singapore 799449,799449
Restaurant,Pizza Hut,Woodlands 888 Block 888 Woodlands Drive 50 #01-729 Singapore 730888,730888
Restaurant,Pizza Hut,Block 306 Woodlands Street 31 #01-17 Singapore 730306,730306
Restaurant,Pizza Hut,Yishun Delco Block 701A Yishun Avenue 5 #01-06 Singapore 761701,761701
Restaurant,Pizza Hut,168 Punggol Field #B1-04 Punggol Plaza Singapore 820168,820168
Restaurant,Pizza Hut,Blk 529 Ang Mo Kio Ave 10 #01-2349 Singapore 560529,560529
Restaurant,Pizza Hut,66 Jalan Malu Malu Singapore 769681,769681
Restaurant,Pizza Hut,21 Hougang Street 51 #01-01B Hougang Green Shopping Mall Singapore 538719,538719
Restaurant,Pizza Hut,29 Kreta Ayer Road Singapore 088996,88996
Restaurant,Pizza Hut,165 Upper Paya Lebar Road Singapore 534858,534858
Bakery/Cafe,Pizza Hut,Blk 21 Ghim Moh #01-215 Singapore 270021,270021
Bakery/Cafe,Pizza Hut,Blk 85 Lorong 4 Toa Payoh #01-360 Singapore 310085,310085
Bakery/Cafe,Pizza Hut,Block 162 Bukit Merah Central #01-3555 Singapore 150162,150162
Bakery/Cafe,Pizza Hut,557 Bukit Timah Road #01-17/18 Crown Centre Singapore 269694,269694
Bakery/Cafe,Pizza Hut,23 Simon Road Singapore 545909,545909
Bakery,Pizza Hut,Block 66 Kallang Bahru #01-473 Stall 7 Singapore 330066,330066
Bakery,Pizza Hut,9 Sentul Crescent #02-01 Singapore 828654,828654
Bakery,Pizza Hut,"2 Havelock Road, #B1-12 Singapore 059763",59763
Bakery,Pizza Hut,1 Northpoint Drive #B2-149 Northpoint City Singapore 768019,768019
Bakery,Polar Puffs & Cakes,11 Jalan Tan Tock Seng #01-14 Tan Tock Seng Hospital Singapore 308433,308433
Bakery,Polar Puffs & Cakes,100 Bukit Timah Road #01-34 KK Women's and Children's Hospital Singapore 229899,229899
Bakery,Polar Puffs & Cakes,5 Raffles Place #B1-54 Raffles Place MRT Singapore 048618,48618
Bakery,Polar Puffs & Cakes,820 Thomson Road #01-23/24 Mount Alvernian Hospital Medical Centre Singapore 574623,574623
Bakery,Polar Puffs & Cakes,"110 SENGKANG EAST WAY, #01-02 SENGKANG GENERAL HOSPITAL, SINGAPORE 544886",544886
Bakery,Polar Puffs & Cakes,"437 ORCHARD ROAD #B1-35, ORCHARD MRT STATION, SINGAPORE 238878",238878
Bakery,Polar Puffs & Cakes,1 Kim Seng Promenade #B1-K1 Great World City Singapore 237994,237994
Bakery,Polar Puffs & Cakes,302 Tiong Bahru Road #B1-K10 Singapore 168732,168732
Bakery,Polar Puffs & Cakes,120 Maxwell Road #B1-05 Tanjong Pagar MRT Station Singapore 069119,69119
Bakery,Polar Puffs & Cakes,1 Sengkang Square #01-26 Compass One Singapore 545078,545078
Bakery,Polar Puffs & Cakes,90 Hougang Ave 10 #B1-K9 Hougang Mall Singapore 538766,538766
Bakery,Polar Puffs & Cakes,23 Serangoon Central #03-K3/K4 NEX Shopping Mall Singapore 556083,556083
Bakery,Polar Puffs & Cakes,33 Sengkang West Avenue #B2-K3 Seletar Mall Singapore 797653,797653
Bakery,Polar Puffs & Cakes,83 Punggol Central #01-K4 Waterway Point Singapore 828461,828761
Bakery,Polar Puffs & Cakes,53 Ang Mo kio Aveune 3 #B2-08 Ang Mo Kio Hub Singapore 569933,569933
Bakery,Polar Puffs & Cakes,9 Bishan Place #B1-K2 Junction 8 Singapore 579837,579837
Bakery,Polar Puffs & Cakes,1 Woodlands Square #B1-K07 Causeway Point Singapore 738099,738099
Bakery,Polar Puffs & Cakes,930 Yishun Avenue 2 #B1-11 North Point Singapore 769098,769098
Bakery,Polar Puffs & Cakes,10 Sinaran Drive #B1-127 Novena Square 2 Singapore 307506,307506
Bakery,Polar Puffs & Cakes,604 Sembawang Road #B1-K6 Sembawang Shopping Centre Singapore 758459,758459
Bakery,Polar Puffs & Cakes,311 New Upper Changi Road #B2-K5 Bedok Mall Singapore 467360,467360
Bakery,Polar Puffs & Cakes,200 Victoria Street #B1-K8 Bugis Junction Singapore 188021,188021
Bakery,Polar Puffs & Cakes,11 Tanjong Katong Road #B1-29 One KM Mall Singapore 437157,437157
Restaurant,Polar Puffs & Cakes,1 Tampines Walk #B1-44 Our Tampines Hub Singapore 528523,528523
Restaurant,Polar Puffs & Cakes,4 Tampines Central 5 #B1-K14 Tampines Mall Singapore 529510,529510
Restaurant,Polar Puffs & Cakes,1 Pasir Ris Central Street 3 #B1-K01 White Sands Shopping Centre Singapore 518457,518457
Restaurant,Polar Puffs & Cakes,3155 Commonwealth Ave West #B1-K15 The Clementi Mall Singapore 129588,129588
Restaurant,Polar Puffs & Cakes,1 Jurong West Central 2 #B1-11 Jurong Point Singapore 648886,648886
Event Caterer,Polar Puffs & Cakes,21 Choa Chu Kang North Avenue 4  #B1-K20 Lot 1 Shoppers' Mall Singapore 689812,689812
Institutional Catere,Polar Puffs & Cakes,1 Bukit Batok Central Link #01-K7 West Mall Singapore 658713,658713
Institutional Catere,Polar Puffs & Cakes,50 Jurong Gateway #B1-31 JEM Singapore 608549,608549
Restaurant,Polar Puffs & Cakes,10 Eunos Road 8 #B1-149 Singapore Post Centre Singapore 408600,408600
Restaurant,Prata Wala,9 Bishan Place #B1-24 Junction 8 Singapore 579837,579837
Restaurant,Prata Wala,63 Jurong West Central 3 #01-71/72/73/74 Jurong Point Shopping Centre Singapore 648331,648331
Restaurant,Prata Wala,930 Yishun Avenue 2 #B1-57 Northpoint City Singapore 769098,769098
Restaurant,Prata Wala,4 Tampines Central 5 #B1-K21 Tampines Mall Singapore 529510,529510
Restaurant,Preparazzi,9 Boon Keng Road #37-164 Singapore 330009,330009
Restaurant,r (Dining Hall) Pro*3 Institutional,24A Senoko South Road #08-01 Select Group Building Singapore 758099,758099
Restaurant,r (Stalls)    PSA Corporation Limit,519 Kampong Bahru Road Keppel Distripark #01-108 Singapore 099453,99453
Restaurant,Pu Tien,127 Kitchener Road Singapore 208514,208514
Restaurant,Pu Tien,2 Orchard Turn #04-12 ION Orchard Singapore 238801,238801
Cafe (Food),Pu Tien,1 Jurong West Central 2 #02-34 JP1 Singapore 648886,648886
Restaurant,NAME OF BRAND,ADDRESS,POSTAL CODE
Restaurant,Pu Tien,6 Raffles Boulevard #02-205 Singapore 039594,39594
Restaurant,Pu Tien,23 Serangoon Central #02-18/19 Singapore 556083,556083
Restaurant,Pu Tien,80 Marine Parade Road #02-13/13A Singapore 449269,449269
Restaurant,Pu Tien,252 North Bridge Road #02-18 Singapore 179103,179103
Restaurant,Pu Tien,26 Sentosa Gateway #01-203/204 The Forum Singapore 098138,98138
Restaurant,Pu Tien,4 Tampines Central 5 #B1-27 Singapore 529510,529510
Restaurant,Pu Tien,1 Harbour Front Walk #02-131/132 Singapore 098585,98585
Restaurant,Qi Philosophy Cafe,93 Dawson Road Sky Terrace @ Dawson #01-02 Singapore 142093,142093
Restaurant,Sakae Sushi,No. 1 Sengkang Square #04-06,545078
Cafe (Food),Sakae Sushi,Blk 205 Hougang Street 21 #01-133,530205
Cafe (Food),Sakae Sushi,9 Bishan Place #B1-20,579837
Restaurant,Sakae Sushi,No. 21 Choa Chu Kang Ave  4 #03-10,689812
Restaurant,Sakae Sushi,80 Marine Parade Road #B1-84C,449269
Restaurant,Sakae Sushi,60 Paya Leber Road #B1-19 Paya Lebar Square,409051
Event Caterer,Sakae Sushi,10 Sinaran Drive #02-85 / 86 / 89,307506
Restaurant,Sakae Sushi,"30 Sembawang Drive, Sun Plaza, #03-17/18/19",757713
Restaurant,Sakae Sushi,28 Boon Lay Way #01-175/176,609971
Restaurant,Sakae Sushi,900 South woodlands Drive #01-04,730900
Restaurant,Savory Inn,512 Thomson Road Ministry of Social and Familily Development #05-00 Singapore 298136,298136
Event Caterer,Savory Inn,3 Second Hospital Ave Health Promotion Board Singapore 168937,168937
Event Caterer,Saybons,9 Bishan Place #02-43 Bishan Junction 8 Singapore 579837,579837
Restaurant,Saybons,68 Orchard Road #B2-30/31/32 Singapore 238839,238839
Restaurant,Saybons,1 Pemimpin Drive #03-02 One Pemimpin Singapore 576151,576151
Restaurant,Segar,19 Sims Way Singapore 388831,388831
Restaurant,Segar,133 North Bridge Road Chinatown Point #B2-39/40/41 Singapore 059413,59413
Restaurant,Segar,1 Vista Exchange Green #02-08 The Star Vista Singapore 138617,138617
Restaurant,Segar,1 Pasir Ris Close #02-322 E!Avenue @ Downtown East Market Square Singapore 519599,519599
Restaurant,Sembawang Eating Hous,477 Sembawang Drive #15-395 Singapore 750477,750477
restaurant,Seng Beng Siang Food,3015 Bedok North Street 5 #05-12 Shimei East Kitchen Singapore 486350,486350
Restaurant,NAME OF BRAND,ADDRESS,POSTAL CODE
Restaurant,Seoul Garden Hotpot,"5 Changi Business Park Central 1, #01-18/19, Changi City Point, Singapore 486038",486038
Restaurant,Seoul Garden Hotpot,"311 New Upper Changi Road, #B1-51, Bedok Mall, Singapore 467360",467360
Restaurant,Seoul Garden Hotpot,"2 Jurong East Street 21, #01-112, IMM Building, Singapore 609601",609601
Restaurant,Seoul Garden Hotpot,"930 Yishun Ave 2, #03-06, Northpoint City, Singapore 769098",769098
Restaurant,Seoul Garden Hotpot,"1 Maritime Square, #02-03/04, Harbourfront Centre, Singapore 099253",99253
Restaurant,Seoul Garden Hotpot,"63 Jurong West Central 3, #B1-45/46, Jurong Point - JP2, Singapore 648331",648331
Restaurant,Seoul Yummy,201 Victoria Street #04-11 Singapore 188067,188067
Restaurant,Seoul Yummy,1 Woodlands Square Causeway Point #05-13 Singapore 738099,738099
Restaurant,Seoul Yummy,2 Orchard Turn ION Orchard #B3-22 Singapore 238801,238801
Restaurant,Seoul Yummy,50 Jurong Gateway Road JEM Shopping Mall #03-05 Singapore 608549,608549
Restaurant,Seoul Yummy,9 Bishan Place Junction 8 #01-40 Singapore 579837,579837
Restaurant,Seoul Yummy,6 Raffles Boulevard Square 2 #03-68 Singapore 307506,307506
Restaurant,Seoul Yummy,6 Eu Tong Sen Street The Central #03-92 Singapore 059817,59817
Restaurant,Seoul Yummy,10 Eunos Road Singpost Centre #01-139/140 Singapore 408600,408600
Restaurant,Shimbashi Soba,290 Orchard Road Paragon #B1-41 Singapore 238859,238859
Restaurant,Simply Wrapps,"1 Maritime Square, #01-51/52",99253
Restaurant,Simply Wrapps,"16 Collyer Quay, #01-16/17",49318
Cafe (Food),Simply Wrapps,"68 Orchard Road, #B2-26",238839
Cafe (Food),Simply Wrapps,"2 Orchard Turn, #B4-30",238801
Cafe (Food),Simply Wrapps,"50 Jurong Gateway Road, #02-19",608549
Cafe (Food),Simply Wrapps,"Technopark @ Chai Chee, 750 Chai Chee Road, #01-03",469000
Restaurant,Simply Wrapps,2 Tampines Central 5 #B1-11,529509
Restaurant,Simply Wrapps,"252 North Bridge Road, #B1-60",179103
Restaurant,Soi 47 Thai Food,47 Toa Payoh Lor 6 #01-130 Singapore 310047,310047
Restaurant,Soul Veggie CTK Pte L,3 Temple Street Singapore 058556,58556
Restaurant,Sufood ?íÊ?,252 North Bridge Road Raffles City #02-19 Singapore 179103,179103
Restaurant,Sunnychoice,434 Upper Bukit Timah Road The Rail Mall Singapore 678060,678060
Restaurant,Sunnychoice,630 Bukit Batok Central #01-156/154 Singapore 650630,650630
Restaurant,Sunnychoice,125 Bukit Merah Lane 1 #01-158 Singapore 150125,150125
Restaurant,Sunrise Cafetaria,"66 Kallang Pudding Road, Hor Kew Building, #01-02, Singapore 349324",349324
Restaurant,Sushi Tei,118 Holland Avenue Raffles @ Holland Village #03-04 Singapore 278997,278997
Restaurant,Sushi Tei,50 Jurong Gateway Road JEM #03-18 Singapore 608549,608549
Restaurant,NAME OF BRAND,ADDRESS,POSTAL CODE
Restaurant,Sushi Tei,120 Lower Delta Road Cendex Centre #02-10/11 Singapore 169208,169208
Bakery,Sushi Tei,290 Orchard Road Paragon #05-04/05 Singapore 238859,238859
Bakery,Sushi Tei,252 North Bride Road Raffles City Shopping Centre #03-13/14 Singapore 179103,179103
Bakery,Sushi Tei,23 Serangoon Central NEX #03-15/16 Singapore 556083,556083
Bakery,Sushi Tei,64/64A Serangoon Garden Way Singapore 555960,555960
Bakery,Sushi Tei,"10 Tampines Central Tampines 1 #04-12, #05-14 Singapore 529536",529536
Bakery,Sushi Tei,302 Tiong Bahru Road Tiong Bahru Plaza #03-110 Singapore 168732,168732
Bakery,Sushi Tei,301 Upper Thomson Road Thomson Plaza #03-46 Singapore 574408,574408
Bakery,Sushi Tei,1 Harbourfront Walk VivoCity #02-152/153 Singapore 098585,98585
Bakery,Sushi Tei,154 West Coast Road West Coast Plaza #01-69 Singapore 127371,127371
Bakery,Swee Heng,201E Tampines St 23 #01-88 Singapore 527201,527201
Bakery,Swee Heng,445 Fajar Road #01-522 Fajar Shopping Centre Singapore 670445,670445
Bakery,Swee Heng,252 Jurong East St 24 #01-179 Singapore 600252,600252
Bakery,Swee Heng,"1 Jelebu Road #01-22B, Bukit Panjang Plaza Singapore 677743",677743
Bakery,Swee Heng,"762 Jurong West St 75, Gek Poh Shopping Centre Singapore 640762",640762
Bakery,Swee Heng,1 Geylang Serai #01-197 Singapore 402001,402001
Bakery,Swee Heng,511 Canberra Road #01-07 Singapore 750511,750511
Bakery,Swee Heng,306 Ubi Ave 1 #01-201 Singapore 400306,400306
Bakery,Swee Heng,27 Bendemeer Road #01-637 Singapore 330027,330027
Bakery,Swee Heng,"221 Boon Lay Place, Boon Lay Shopping Centre #01-158 Singapore 640221",640221
Bakery,Swee Heng,37 Teban Garden Road #01-310 Singapore 600037,600037
Bakery,Swee Heng,"678A Woodlands Ave 6, #01-12, Singapore 731678",731678
Bakery,Swee Heng,"548 Woodlands Drive 44, Vista Point #01-19 Singapore 730548",730548
Bakery,Swee Heng,"No. 18 Rivervale Drive, Rivervale Plaza #01-17 Singapore 540118",540118
Bakery,Swee Heng,253 Choa Chu Kang Ave 1 #B1-19 Singapore 680253,680253
Bakery,Swee Heng,960 Jurong West St 92 #01-186 Singapore 640960,640960
Bakery,Swee Heng,372  Bukit Batok St 13 #01-372 Singapore 650372,650372
Bakery,Swee Heng,"476 Upper Serangoon View, Hougang Capeview #02-16 Singapore 530476",530476
Bakery,Swee Heng,495 Jurong West St 41 #01-98 Singapore 640495,640495
Bakery,Swee Heng,504  Jurong West St 51 #01-243 Singapore 640504,640504
Bakery,Swee Heng,"308C Punggol Walk, Waterway Terrace #01-306 Singapore 822308",822308
Bakery,Swee Heng,"888 Woodlands Drive 50, 888 Plaza #01-747 Singapore 730888",730888
Bakery,Swee Heng,"768 Woodlands Ave 6, Woodland Mart #01-28 Singapore 730768",730768
Bakery,Swee Heng,215C Compassvale Drive #01-05 Singapore 543215,543215
Bakery,Swee Heng,507A Yishun Ave 4 #04-03 Singapore 760507,760507
Bakery,Swee Heng,818 Choa Chu Kang Ave 1 #01-03 Singapore 680818,680818
Bakery,Swee Heng,"11 Bedok North St 1, Heatbeat @ Bedok #01-21 Singapore 469662",469662
Bakery,Swee Heng,"63 Jurong West Central 3, Jurong Point #03-01 Singapore 648331",648331
Bakery,Swee Heng,"23 Serangoon Central, Nex Mall #03-42 Singapore 556083",556083
Bakery,Swee Heng Classic 198,"No. 1 Bukit Batok Central Link, West Mall #01-03 Singapore 658713",658713
Bakery,Swee Heng Classic 198,"33 Senkang West Ave, The Seletar Mall #B1 - K7/K8/K9 Singapore 339511",339511
Bakery,Swee Heng Classic 198,"1 Jurong East St 21, Ng Teng Fong General Hospital #02-12 Tower A Singapore 609606",609606
Bakery,Swee Heng Classic 198,11 Collyer Quay #01-11 Singapore 049317,49317
Bakery,Swee Heng Classic 198,"3155 Commonwealth Ave West, The Clementi Mall #B1-K1/K2 Singapore 129588",129588
Restaurant,Swee Heng Classic 198,"51 Tampines Ave 4, Tampines Hub #B1-40/41 Singapore 528523",528523
Restaurant,Swee Heng Classic 198,"7 Wallich Street, Tanjong Pagar Centre #B2-33  Singapore 107884",107884
Restaurant,Swee Heng Classic 198,"11 Rivervale Crescent, Rivervale Mall #01-25 Singapore 545082",545082
Restaurant,Swee Heng Classic 198,"63 Jurong West Central 3, Jurong Point Centre #03-31 Singapore 648331",648331
Restaurant,Swee Heng Classic 198,"10 Eunos Road 8, Singpost #B1-158 Singapore 408600",408600
Restaurant,Swee Heng Classic 198,"1 Northpoint Drive, North Point City #B2-114  Singapore 768019",768019
Restaurant,Swee Heng Classic 198,"310 Orchard Road, CK Tangs #B1-02A Singapore 238864",238864
Restaurant,Swee Heng Classic 198,"5 Straits View , Marina One The Heart #B2-46 Singapore 018935",18935
Restaurant,Swee Heng Classic 198,"681 Punggol Drive, Oasis Terraces #B1-04 Singapore 820681",820681
Restaurant,Swensen's,53 Ang Mo Kio Ave 3 #B1-25/26 Ang Mo Kio Hub S 569933,569933
Restaurant,Swensen's,311 New Upper Changi Road #01-77 S 467360,467360
Restaurant,Swensen's,"200 Victoria Street #01-68, Bugis Junction",188021
Restaurant,Swensen's,"1 Woodlands Square, #02-08/09, Causeway Point S738099",738099
Restaurant,Swensen's,"180 Kitchener Road, #03-37/38, City Square Mall S 208539",208539
Restaurant,Swensen's,"3155 Commonwealth Ave West, #05-31/32/33, Clementi Mall S 129588",129588
Restaurant,Swensen's,"1 Sengkang Square, #B1-16, Compass One S 545078",545078
Restaurant,Swensen's,1 Pasir Ris Close #02-121/122 Singapore 519599,519599
Restaurant,Swensen's,"2 Jurong East St 21, #01-111, IMM S 609601",609601
Restaurant,Swensen's,"9 Bishan Place #01-39, Junction 8 S 579837",579837
Restaurant,Swensen's,"63 Jurong West Central 3, #B1-64, Jurong Point S 648886",648886
Restaurant,Swensen's,"6 Raffles Boulevard, #01-206/207, Marina Square S 039594",39594
Restaurant,Swensen's,"23 Serangoon Central, #02 - 07/08, Nex Mall, Singapore 556083",556083
Restaurant,Swensen's,"930 Yishun Ave 2 #01-16/17, North point S 769098",769098
Cafe (Food),Swensen's,"68 Orchard Road #03-23, Plaza Singapura S 238839",238839
Cafe (Food),Swensen's,"30 Sembawang Drive, #02-21/22",757713
Restaurant,NAME OF BRAND,ADDRESS,POSTAL CODE
Restaurant,Swensen's,"33 Sengkang West Avenue  #02-11/12,  The Seletar Mall",797653
Restaurant,Swensen's,"4 Tampines Central 5, #03-30, Tampines Mall S 529510",529510
Restaurant,Swensen's,"301 Upper Thomson Road #03-23, Thomson Plaza S 574408",574408
Cafe (Food & Drink),Swensen's,"83 Punggol Central #02-35, Waterway Point",828761
Cafe (Food & Drink),Swensen's,"1 Bukit Batok Central Link #02-05, West Mall S 658713",658713
Cafe (Food & Drink),Swensen's,"10 Eunos Road 8, #02-136/137 Singapore 408600",408600
Cafe (Food & Drink),Swissbake,"Changi Link (UE BizHub East), 8 Changi Business Park Ave 1, #01-27",486018
Cafe (Food),Swissbake,"HarbourFront Centre, Maritime Square, #01-58/59/60",99253
Cafe (Food & Drink),Tang Tea House,Bedok Road 355-357 Singapore 469545,469545
Cafe (Food & Drink),Tang Tea House,Jalan Kayu 242 Singapore 799466,799466
Cafe (Food & Drink),Tang Tea House,414 Jurong West Street 42 #01-783 Singapore 640414,640414
Cafe (Food & Drink),Tang Tea House,Lorong Bekukong 57 Singapore 499173,499173
Cafe (Food & Drink),The Coffee Bean & Tea,"5 Lower Kent Ridge Road, National University Hospital Main Building #01-10 Singapore 119074",119074
Cafe (Food & Drink),The Coffee Bean & Tea,"11 Jalan Tan Tock Seng, Tan Tock Seng Hospital Main Lobby #01-16/17 Singapore 308433",308433
Cafe (Food & Drink),The Coffee Bean & Tea,"535 Clementi Road , Ngee Ann Polytechnic Blk 58-01-09 Singapore 599489",599489
Cafe (Food & Drink),The Coffee Bean & Tea,"50 Nanyang Avenue, Nanyang Technology University  Opposite Nanyang Auditorium SS1-01-15/SS1-01-05A Singapore 639798",639798
Cafe (Food & Drink),The Coffee Experience,120 Maxwell Road #B1-39 Tanjong Pagar MRT Station Singapore 069119,69119
Cafe (Food & Drink),The Connoisseur Conce,"370 Alexandra Road, #01-07/08 Singapore 159953",159953
Cafe (Food & Drink),The Connoisseur Conce,"3E River Valley Road, #01-01, Singapore 179024",179024
Cafe (Food & Drink),The Connoisseur Conce,"80 Middle Road, #01-92/96, Singapore 188966",188966
Cafe (Food & Drink),The Connoisseur Conce,"80 Middle Road, #01-97, Singapore 188966",188966
Cafe (Food & Drink),The Connoisseur Conce,"51 Circular Road, Singapore 049406",49406
Cafe (Food & Drink),The Connoisseur Conce,"6 Eu Tong Sen Street, #02-84/86, Singapore 059871",59871
Restaurant,The Connoisseur Conce,"1 Kim Seng Promenade, #01-29, Singapore 237994",237994
Restaurant,The Connoisseur Conce,"25 International Business Park, #01-80, Singapore 609916",609916
Bakery / Food Kiosk,The Connoisseur Conce,"2 Orchard Turn, #B2-49, Singapore 238801",238801
Bakery,The Connoisseur Conce,"360 Orchard Road, #01-01, Singapore 238869",238869
Bakery / Food Kiosk,The Connoisseur Conce,"350 Orchard Road, Level 2, Singapore 238868",238868
Restaurant,The Connoisseur Conce,"238 Thomson Road, #01-56/58, Singapore 307683",307683
Restaurant,The Connoisseur Conce,"2 Bayfront Avenue, #B2-120/120A, Singapore 018972",18972
Restaurant,The Connoisseur Conce,"80 Mohamed Sultan Road, #01-01/02, Singapore 239013",239013
Restaurant,The Connoisseur Conce,"1 Harbourfront Walk, #02-149, Singapore 098585",98585
Restaurant,The Dining Room,"39 Scotts Road, Sheraton Towers Singapore, Singapore 228230",228230
Restaurant,Thyme @ Rochester,44 Rochester Park Singapore 139248,139248
Restaurant,Triplets by Bakery Cu,"4 1 Hospital Drive, Singapore Genral Hospital Level 1 Singapore 169608",169608
Restaurant,Triplets by Bakery Cu,"70 Stamford Road, Li Ka Shing Library Building #B1-24A Singapore 178901",178901
Restaurant,Triplets by Bakery Cu,"100 Bukit Timah Road, KK Women's and Children's Hospital Children Tower #01-23 Singapore 229899",229899
Restaurant,Tuan Yuan,127 Kim Tian Road #01-01 Singapore 160127,160127
Restaurant,Uncle Tony,2 Sengkang Square #01-05 Sengkang Community Hub Singapore 545025,545025
Restaurant,Wang Cafe,100 Bukit Timah Road #01-33A Women's Tower Singapore 229899,229899
Restaurant,Wang Cafe,10 Sinaran Drive #01-155 Square 2 Singapore 307506,307506
Restaurant,Wang Cafe,68 Orchard Road #B2-35/36 Plaza Singapura Singapore 238839,238839
Restaurant,Wang Cafe,301 Upper Thomson Road #03-44A Thomson Plaza Singapore 574408,574408
Restaurant,Wang Cafe,1 Jalan Jelebu #01-53/54 Bukit Panjang Plaza Singapore 677743,677743
Restaurant,Wang Cafe,460 Alexandra Road #02-35 Alexandra Retail Centre Singapore 119963,119963
Restaurant,Wang Cafe,20 Pasir Panjang Road #02-21 Mapletree Business City Singapore 117439,117439
Restaurant,Wang Cafe,8 Shenton Way #B1-17 AXA Tower Singapore 068811,68811
Restaurant,Wang Cafe,1 Marina Boulevard #B1-02 One Marina Boulevard Singapore 018989,18989
Restaurant,Wang Cafe,2 Tampines Central 5 #B1-09A Century Square Shopping Centre Singapore 529509,529509
Restaurant,Wang Cafe,80 Airport Boulevard #01-02 Changi Airport Terminal 1 Singapore 819642,819642
Restaurant,Wang Cafe,60 Airport Boulevard Changi Airport Terminal 2 Departure/Transit Lounge North Singapore 819643,819643
Restaurant,Wang Cafe,1 Hougang Street 91 #01-22 Singapore 538692,538692
Restaurant,Wang Cafe,8 Simei Street 3 Singapore 529895,529895
Restaurant,Wang Cafe,8 Changi Business Park Avenue 1 #01-51 Singapore 486018,486018
Restaurant,Wang Cafe,277 Orchard Road #B2-07/08 Orchard Gateway Singapore 238858,238858
Restaurant,Wang Cafe,3 Temasek Boulevard #01-329 Suntec City Mall Singapore 038983,38983
Restaurant,Wang Cafe,70 Jellicoe Road #01-01A Singapore 208767,208767
Restaurant,Wang Cafe,53 Ang Mo Kio Avenue 3 #02-58 Singapore 569933,569933
Restaurant,Wang Cafe,12 Marina Boulevard #02-01/04 Marina Bay Financial Centre Tower 3 Singapore 018982,18982
Restaurant,Wang Cafe,4 Raffles Place #B1-08 Clifford Centre Singapore 048621,48621
Restaurant,Wang Cafe,1 Maritime Square #01-83 Harbourfront Centre Singapore 099253,99253
Restaurant,Wang Cafe,65 Airport Boulevard #01-25 Changi Airport Terminal 3 Arrival Meeting Hall North Singapore 819663,819663
Restaurant,Wang Cafe,Blk 118 Rivervale Drive #01-38 Singapore 540118,540118
Restaurant,Wang Cafe,11 Tanjong Katong Road #B1-K2 Singapore 437157,437157
Restaurant,Wang Cafe,3 Simei Street 6 #B1-20 Singapore 528833,528833
Restaurant,Wang Cafe,9 Sentul Crescent #03-04 Singapore 828654,828654
Restaurant,Wang Cafe,63 East Coast Road Singapore 428776,428776
Restaurant,Wang Cafe,1 Pasir Ris Close #02-336 Downtown East Singapore 519599,519599
,Wang Cafe,1 Jurong East Street 21 #01-02 Ng Teng Fong General Hospital Tower B Singapore 609606,609606
,West Co'z Cafe,154 West Coast Road West Coast Plaza #02-23 Singapore 127371,127371
,West Co'z Cafe,21 Choa Chu Kang North 6 #01-28 Yew Tee Plaza Singapore 689578,689578
,West Co'z Cafe,1 Woodlands Road #01-35/35 Junction 10 Singapore 677899,677899
,Wheat baumkuchen,One Raffles Place  #B1- 32,48618
,Wheat baumkuchen,8 Marina View #02-02 Asia Square tower 1,18960
